file_name;key_repr
xortool_out/00.out;b'[}G`W\x07CQbQa\x03y\r'
xortool_out/01.out;b'Z|FaV\x06BPcP`\x02x\x0c'
xortool_out/02.out;b'Y\x7fEbU\x05AS`Sc\x01{\x0f'
xortool_out/03.out;b'X~DcT\x04@RaRb\x00z\x0e'
xortool_out/04.out;b'_yCdS\x03GUfUe\x07}\t'
xortool_out/05.out;b'^xBeR\x02FTgTd\x06|\x08'
xortool_out/06.out;b']{AfQ\x01EWdWg\x05\x7f\x0b'
xortool_out/07.out;b'\\z@gP\x00DVeVf\x04~\n'
xortool_out/08.out;b'SuOh_\x0fKYjYi\x0bq\x05'
xortool_out/09.out;b'RtNi^\x0eJXkXh\np\x04'
xortool_out/10.out;b'\n,\x161\x06V\x12\x003\x000R(\\'
xortool_out/11.out;b'\t/\x152\x05U\x11\x030\x033Q+_'
xortool_out/12.out;b'\x08.\x143\x04T\x10\x021\x022P*^'
xortool_out/13.out;b'\x0f)\x134\x03S\x17\x056\x055W-Y'
xortool_out/14.out;b'\x0e(\x125\x02R\x16\x047\x044V,X'
xortool_out/15.out;b'\r+\x116\x01Q\x15\x074\x077U/['
xortool_out/16.out;b'\x0c*\x107\x00P\x14\x065\x066T.Z'
xortool_out/17.out;b'\x03%\x1f8\x0f_\x1b\t:\t9[!U'
xortool_out/18.out;b'\x02$\x1e9\x0e^\x1a\x08;\x088Z T'
xortool_out/19.out;b"\x01'\x1d:\r]\x19\x0b8\x0b;Y#W"
xortool_out/20.out;b'\x00&\x1c;\x0c\\\x18\n9\n:X"V'
xortool_out/21.out;b'\x07!\x1b<\x0b[\x1f\r>\r=_%Q'
xortool_out/22.out;b'\x06 \x1a=\nZ\x1e\x0c?\x0c<^$P'
xortool_out/23.out;b"\x05#\x19>\tY\x1d\x0f<\x0f?]'S"
xortool_out/24.out;b'\x04"\x18?\x08X\x1c\x0e=\x0e>\\&R'
xortool_out/25.out;b'\x1b=\x07 \x17G\x03\x11"\x11!C9M'
xortool_out/26.out;b'\x1a<\x06!\x16F\x02\x10#\x10 B8L'
xortool_out/27.out;b'\x19?\x05"\x15E\x01\x13 \x13#A;O'
xortool_out/28.out;b'\x18>\x04#\x14D\x00\x12!\x12"@:N'
xortool_out/29.out;b'\x1f9\x03$\x13C\x07\x15&\x15%G=I'
xortool_out/30.out;b"\x1e8\x02%\x12B\x06\x14'\x14$F<H"
xortool_out/31.out;b"\x1d;\x01&\x11A\x05\x17$\x17'E?K"
xortool_out/32.out;b"\x1c:\x00'\x10@\x04\x16%\x16&D>J"
xortool_out/33.out;b'\x135\x0f(\x1fO\x0b\x19*\x19)K1E'
xortool_out/34.out;b'\x124\x0e)\x1eN\n\x18+\x18(J0D'
xortool_out/35.out;b'\x117\r*\x1dM\t\x1b(\x1b+I3G'
xortool_out/36.out;b'*\x0c6\x11&v2 \x13 \x10r\x08|'
xortool_out/37.out;b')\x0f5\x12%u1#\x10#\x13q\x0b\x7f'
xortool_out/38.out;b'(\x0e4\x13$t0"\x11"\x12p\n~'
xortool_out/39.out;b'/\t3\x14#s7%\x16%\x15w\ry'
xortool_out/40.out;b'.\x082\x15"r6$\x17$\x14v\x0cx'
xortool_out/41.out;b"-\x0b1\x16!q5'\x14'\x17u\x0f{"
xortool_out/42.out;b',\n0\x17 p4&\x15&\x16t\x0ez'
xortool_out/43.out;b'#\x05?\x18/\x7f;)\x1a)\x19{\x01u'
xortool_out/44.out;b'"\x04>\x19.~:(\x1b(\x18z\x00t'
xortool_out/45.out;b'!\x07=\x1a-}9+\x18+\x1by\x03w'
xortool_out/46.out;b' \x06<\x1b,|8*\x19*\x1ax\x02v'
xortool_out/47.out;b"'\x01;\x1c+{?-\x1e-\x1d\x7f\x05q"
xortool_out/48.out;b'&\x00:\x1d*z>,\x1f,\x1c~\x04p'
xortool_out/49.out;b'%\x039\x1e)y=/\x1c/\x1f}\x07s'
xortool_out/50.out;b'$\x028\x1f(x<.\x1d.\x1e|\x06r'
xortool_out/51.out;b";\x1d'\x007g#1\x021\x01c\x19m"
xortool_out/52.out;b':\x1c&\x016f"0\x030\x00b\x18l'
xortool_out/53.out;b'9\x1f%\x025e!3\x003\x03a\x1bo'
xortool_out/54.out;b'8\x1e$\x034d 2\x012\x02`\x1an'
xortool_out/55.out;b"?\x19#\x043c'5\x065\x05g\x1di"
xortool_out/56.out;b'>\x18"\x052b&4\x074\x04f\x1ch'
xortool_out/57.out;b'=\x1b!\x061a%7\x047\x07e\x1fk'
xortool_out/58.out;b'<\x1a \x070`$6\x056\x06d\x1ej'
xortool_out/59.out;b'3\x15/\x08?o+9\n9\tk\x11e'
xortool_out/60.out;b'2\x14.\t>n*8\x0b8\x08j\x10d'
xortool_out/61.out;b'1\x17-\n=m);\x08;\x0bi\x13g'
xortool_out/62.out;b'JlVqF\x16R@s@p\x12h\x1c'
xortool_out/63.out;b'IoUrE\x15QCpCs\x11k\x1f'
xortool_out/64.out;b'HnTsD\x14PBqBr\x10j\x1e'
xortool_out/65.out;b'OiStC\x13WEvEu\x17m\x19'
xortool_out/66.out;b'NhRuB\x12VDwDt\x16l\x18'
xortool_out/67.out;b'MkQvA\x11UGtGw\x15o\x1b'
xortool_out/68.out;b'LjPw@\x10TFuFv\x14n\x1a'
xortool_out/69.out;b'Ce_xO\x1f[IzIy\x1ba\x15'
xortool_out/70.out;b'Bd^yN\x1eZH{Hx\x1a`\x14'
xortool_out/71.out;b'Ag]zM\x1dYKxK{\x19c\x17'
xortool_out/72.out;b'@f\\{L\x1cXJyJz\x18b\x16'
xortool_out/73.out;b'Ga[|K\x1b_M~M}\x1fe\x11'
xortool_out/74.out;b'F`Z}J\x1a^L\x7fL|\x1ed\x10'
xortool_out/75.out;b'EcY~I\x19]O|O\x7f\x1dg\x13'
xortool_out/76.out;b'DbX\x7fH\x18\\N}N~\x1cf\x12'
xortool_out/77.out;b'QwMj]\rI[h[k\ts\x07'
xortool_out/78.out;b'PvLk\\\x0cHZiZj\x08r\x06'
xortool_out/79.out;b'WqKl[\x0bO]n]m\x0fu\x01'
xortool_out/80.out;b'VpJmZ\nN\\o\\l\x0et\x00'
xortool_out/81.out;b'UsInY\tM_l_o\rw\x03'
xortool_out/82.out;b'TrHoX\x08L^m^n\x0cv\x02'
xortool_out/83.out;b"+\r7\x10'w3!\x12!\x11s\t}"
xortool_out/84.out;b'0\x16,\x0b<l(:\t:\nh\x12f'
xortool_out/85.out;b'7\x11+\x0c;k/=\x0e=\ro\x15a'
xortool_out/86.out;b'6\x10*\r:j.<\x0f<\x0cn\x14`'
xortool_out/87.out;b'5\x13)\x0e9i-?\x0c?\x0fm\x17c'
xortool_out/88.out;b'4\x12(\x0f8h,>\r>\x0el\x16b'
xortool_out/89.out;b'\x0b-\x170\x07W\x13\x012\x011S)]'
xortool_out/90.out;b'\x106\x0c+\x1cL\x08\x1a)\x1a*H2F'
xortool_out/91.out;b'\x171\x0b,\x1bK\x0f\x1d.\x1d-O5A'
xortool_out/92.out;b'\x160\n-\x1aJ\x0e\x1c/\x1c,N4@'
xortool_out/93.out;b'\x153\t.\x19I\r\x1f,\x1f/M7C'
xortool_out/94.out;b'KmWpG\x17SArAq\x13i\x1d'
xortool_out/95.out;b'bD~Yn>zh[hX:@4'
xortool_out/96.out;b'aG}Zm=ykXk[9C7'
xortool_out/97.out;b'f@z]j:~l_l\\>D0'
xortool_out/98.out;b'`F|[l<xjYjZ8B6'
xortool_out/99.out;b'gA{\\k;\x7fm^m]?E1'
